Name,target_sequence
Prediction_loxA-1,ACAACATCGTATAACACCCTATATACGATGTTGT
Prediction_loxD-1,AAGACTAGGTATAAGCCTCAATATACCTAGTCTT
Prediction_loxE-3,AAGGCATTTGATATTGATTTTTATCAAATGCCTT
Prediction_novelG-1,CTAAGACGGTGCGAACGCTGCCGCACCGTCTTAG
Prediction_novelG-2,CTAAGACCGTGCGAACGCTGCCGCACGGTCTTAG
Prediction_novelG-3,CTAAGACGATGTGAACGCTGCCACATCGTCTTAG
Prediction_novelG-4,CTAAGATCATGCGAACGCTGCCGCATGATCTTAG
Prediction_novelG-5,CTAAGATGACGTGAACGCTGCCACGTCATCTTAG
Prediction_novelC-1,AACCCACGCCATAAGCCTCAATATGGCGTGGGTT
Prediction_novelD-1,AAGGCACGCCATAAGCCTCAATATGGCGTGCCTT
Prediction_novelF-1,ATAAATTTTTGCAAACGCTGCTGCAAAAATTTAT
Prediction_novelF-2,ATAAATGTATGCAAACGCTGCTGCATACATTTAT
Prediction_novelF-3,ATAAATTTATGCAAACGCTGCTGCATAAATTTAT
